,Feature 1,Feature 2,Feature 3,Feature 4,Feature 5,Feature 6,Feature 7,Feature 8,Feature 9,Feature 10,Feature 11,Feature 12,Feature 13,Feature 14,Feature 15,Feature 16,Feature 17,Feature 18,Feature 19,Feature 20,Feature 21,Feature 22,Feature 23,Label
Feature 1,1.0,0.023436443237641,-0.22230432763685223,-0.10727331053331819,0.14702085762575995,-0.2668937312489854,-0.2931483914882576,-0.2839854788174687,-0.26774223371069533,-0.24892664644565438,-0.23753645030206727,0.2920609756025565,0.28482572366396475,0.28995421229380874,0.2987975542229624,0.30261928359331364,0.295312875078693,0.201264797936654,0.18939862993605489,0.21692894606662697,0.2136995707506874,0.21429721247621608,0.21883767697288073,-0.1509625619311761
Feature 2,0.023436443237641,1.0,0.010849785937159117,-0.02381698909278895,-0.0989506317008804,-0.053280149430147125,-0.06949191175928747,-0.0658002385215222,-0.0614213858158371,-0.05033514837081083,-0.04207302939621544,-0.035247111758545106,-0.0317027619642862,-0.02610739491501786,-0.024238364284304877,-0.020580732420275003,-0.02090462198267372,-0.0006952770901944435,-0.003826018098856068,-0.007431935282125223,-0.0020497847894679704,-0.0007621651640487208,-0.004007922901892174,-0.033747148591190025
Feature 3,-0.22230432763685223,0.010849785937159117,1.0,-0.14154156635538437,0.1709098886001543,0.10575573639730143,0.11977393512792006,0.11278010767227428,0.10620069111813366,0.09728096069779878,0.08222406773071274,0.025200936107254684,0.021163040838939322,0.01772907469387101,0.0047731405790559815,-0.00446321238162485,-0.0054191662520719,-0.030299933588439833,-0.025073084347200257,-0.03461001795359213,-0.03906587607349001,-0.03784603904815262,-0.0356166608414493,0.02878406145778444
Feature 4,-0.10727331053331819,-0.02381698909278895,-0.14154156635538437,1.0,-0.41290209950979023,0.020040351852903066,0.027152955126154125,0.0331894231394242,0.031980066922140865,0.032050780959399686,0.03195549673868684,-0.030343146478742065,-0.029103377985494814,-0.031761897969965085,-0.030885992449751962,-0.03221662308563172,-0.027830482391682183,-0.011259579352565814,-0.011676957160824394,-0.002052327259054885,-0.00836176267352198,0.0030179000707301405,-0.003740673373207418,-0.02180014168838553
Feature 5,0.14702085762575995,-0.0989506317008804,0.1709098886001543,-0.41290209950979023,1.0,-0.040013497669169715,-0.05444941973968885,-0.05580909916957512,-0.04836528606350809,-0.0520307789364701,-0.04600056373776322,0.0592388663051172,0.057561802304564244,0.05985529100028885,0.05714238312498498,0.056020804520701406,0.055154295275855234,0.029470427178054797,0.028195032161958043,0.0241414530405603,0.016861738138536215,0.026710913090389282,0.0219885426417644,0.011773506592938479
Feature 6,-0.2668937312489854,-0.053280149430147125,0.10575573639730143,0.020040351852903066,-0.040013497669169715,1.0,0.6727390206439722,0.5724029984803033,0.53665650110044,0.509081732260675,0.47630843138562456,0.18637227920938412,0.19084953283720982,0.18423808928091004,0.18205133714993926,0.18308411882037154,0.17816739040909263,-0.07969694942066606,-0.07129451467537697,-0.06754176927059223,-0.06251176530487387,-0.05887623673193967,-0.06116498457135893,0.3231974452991759
Feature 7,-0.2931483914882576,-0.06949191175928747,0.11977393512792006,0.027152955126154125,-0.05444941973968885,0.6727390206439722,1.0,0.7634083234514996,0.6617216023833082,0.6236522669410891,0.5770438768874417,0.23708449080448507,0.23848326864676456,0.2302366939540475,0.22642605847567174,0.22389655593508034,0.22159674972116417,-0.08114458767850594,-0.06149477109914864,-0.05277777154122785,-0.047238368810163654,-0.035430665392484316,-0.03689736725227145,0.26366598126168184
Feature 8,-0.2839854788174687,-0.0658002385215222,0.11278010767227428,0.0331894231394242,-0.05580909916957512,0.5724029984803033,0.7634083234514996,1.0,0.780723942956518,0.6902741581575107,0.635927716024459,0.20802126649592467,0.23685695353878694,0.22902553329068326,0.22655658026217249,0.2227076106795571,0.21851271191304816,0.0029790852691962137,-0.0717319878875627,-0.05017965707767194,-0.04368339418018678,-0.0372900491885596,-0.03724562062388167,0.2360096023547061
Feature 9,-0.26774223371069533,-0.0614213858158371,0.10620069111813366,0.031980066922140865,-0.04836528606350809,0.53665650110044,0.6617216023833082,0.780723942956518,1.0,0.8216901110397375,0.7208088974979883,0.20178204843697226,0.22368594022843813,0.24555782215850705,0.2438604218367585,0.23967657007402712,0.23553644013934238,-0.01161130730027123,5.88381042970935e-05,-0.07086526888416408,-0.043641572191730656,-0.03132204264164492,-0.026584605755754272,0.21084920508499785
Feature 10,-0.24892664644565438,-0.05033514837081083,0.09728096069779878,0.032050780959399686,-0.0520307789364701,0.509081732260675,0.6236522669410891,0.6902741581575107,0.8216901110397375,1.0,0.8201894639333189,0.2059895136320288,0.22581685543806213,0.24495582183005246,0.26931897771761387,0.265705894043244,0.2576559205204064,-0.006599651703751952,-0.0004324699029519381,0.011119849932101949,-0.06023058200538264,-0.03023378955511756,-0.022254913157489585,0.20104893211713615
Feature 11,-0.23753645030206727,-0.04207302939621544,0.08222406773071274,0.03195549673868684,-0.04600056373776322,0.47630843138562456,0.5770438768874417,0.635927716024459,0.7208088974979883,0.8201894639333189,1.0,0.20471575023354815,0.224391002330157,0.24144621944393965,0.2630660506471692,0.28632270788179426,0.2798889354035812,-0.0021973564336490365,-0.004679837604092089,0.0058535776051116045,0.019920922997533286,-0.045013628508815524,-0.024605282301793405,0.1855363657152216
Feature 12,0.2920609756025565,-0.035247111758545106,0.025200936107254684,-0.030343146478742065,0.0592388663051172,0.18637227920938412,0.23708449080448507,0.20802126649592467,0.20178204843697226,0.2059895136320288,0.20471575023354815,1.0,0.9528876590569928,0.8993761364326623,0.8626639204163704,0.8248721396381788,0.8003714755516036,0.146917530138123,0.11098281293074046,0.17527775342172092,0.15965504426076887,0.17221826596288725,0.179923128468273,-0.014865617713340419
Feature 13,0.28482572366396475,-0.0317027619642862,0.021163040838939322,-0.029103377985494814,0.057561802304564244,0.19084953283720982,0.23848326864676456,0.23685695353878694,0.22368594022843813,0.22581685543806213,0.224391002330157,0.9528876590569928,1.0,0.9352185091912164,0.8933714452689617,0.8551432038284236,0.8297448464712409,0.2900325857170365,0.11858063613211944,0.1668579893683379,0.15231616355590455,0.1625126170963022,0.16840753842651246,-0.00910186891036022
Feature 14,0.28995421229380874,-0.02610739491501786,0.01772907469387101,-0.031761897969965085,0.05985529100028885,0.18423808928091004,0.2302366939540475,0.22902553329068326,0.24555782215850705,0.24495582183005246,0.24144621944393965,0.8993761364326623,0.9352185091912164,1.0,0.9322631028001995,0.8873800850075654,0.855509499871342,0.26052625381487715,0.31348854069085524,0.13508959911579527,0.14427984329679222,0.16671109695684094,0.1765625205764188,-0.010353509509717494
Feature 15,0.2987975542229624,-0.024238364284304877,0.0047731405790559815,-0.030885992449751962,0.05714238312498498,0.18205133714993926,0.22642605847567174,0.22655658026217249,0.2438604218367585,0.26931897771761387,0.2630660506471692,0.8626639204163704,0.8933714452689617,0.9322631028001995,1.0,0.940377484753501,0.9015365778551337,0.2314935502414908,0.22434040500337438,0.3098595317887303,0.1403500910489659,0.16112072996965557,0.16843886243728368,-0.007334273747984832
Feature 16,0.30261928359331364,-0.020580732420275003,-0.00446321238162485,-0.03221662308563172,0.056020804520701406,0.18308411882037154,0.22389655593508034,0.2227076106795571,0.23967657007402712,0.265705894043244,0.28632270788179426,0.8248721396381788,0.8551432038284236,0.8873800850075654,0.940377484753501,1.0,0.9452180539664883,0.21457257871007104,0.19730561930572055,0.2713480599638336,0.3056249240169794,0.1365643678209431,0.1501679670162414,-0.0032918951427296636
Feature 17,0.295312875078693,-0.02090462198267372,-0.0054191662520719,-0.027830482391682183,0.055154295275855234,0.17816739040909263,0.22159674972116417,0.21851271191304816,0.23553644013934238,0.2576559205204064,0.2798889354035812,0.8003714755516036,0.8297448464712409,0.855509499871342,0.9015365778551337,0.9452180539664883,1.0,0.1955261723815237,0.17496836617482597,0.24937218765316974,0.26196243566738814,0.30543659063691586,0.10073043518126444,-0.0015700971219023703
Feature 18,0.201264797936654,-0.0006952770901944435,-0.030299933588439833,-0.011259579352565814,0.029470427178054797,-0.07969694942066606,-0.08114458767850594,0.0029790852691962137,-0.01161130730027123,-0.006599651703751952,-0.0021973564336490365,0.146917530138123,0.2900325857170365,0.26052625381487715,0.2314935502414908,0.21457257871007104,0.1955261723815237,1.0,0.25757944917220077,0.1793547676943901,0.15096751008584502,0.14828549100470167,0.17659566313688663,-0.07283964546384845
Feature 19,0.18939862993605489,-0.003826018098856068,-0.025073084347200257,-0.011676957160824394,0.028195032161958043,-0.07129451467537697,-0.06149477109914864,-0.0717319878875627,5.88381042970935e-05,-0.0004324699029519381,-0.004679837604092089,0.11098281293074046,0.11858063613211944,0.31348854069085524,0.22434040500337438,0.19730561930572055,0.17496836617482597,0.25757944917220077,1.0,0.15544709921669045,0.10271712523716096,0.12774084481078365,0.15544084948144182,-0.06183543603669019
Feature 20,0.21692894606662697,-0.007431935282125223,-0.03461001795359213,-0.002052327259054885,0.0241414530405603,-0.06754176927059223,-0.05277777154122785,-0.05017965707767194,-0.07086526888416408,0.011119849932101949,0.0058535776051116045,0.17527775342172092,0.1668579893683379,0.13508959911579527,0.3098595317887303,0.2713480599638336,0.24937218765316974,0.1793547676943901,0.15544709921669045,1.0,0.161002646277495,0.1633709135676645,0.14981940491239937,-0.055372487354506096
Feature 21,0.2136995707506874,-0.0020497847894679704,-0.03906587607349001,-0.00836176267352198,0.016861738138536215,-0.06251176530487387,-0.047238368810163654,-0.04368339418018678,-0.043641572191730656,-0.06023058200538264,0.019920922997533286,0.15965504426076887,0.15231616355590455,0.14427984329679222,0.1403500910489659,0.3056249240169794,0.26196243566738814,0.15096751008584502,0.10271712523716096,0.161002646277495,1.0,0.1484886280025375,0.13937391946305192,-0.057543641833245486
Feature 22,0.21429721247621608,-0.0007621651640487208,-0.03784603904815262,0.0030179000707301405,0.026710913090389282,-0.05887623673193967,-0.035430665392484316,-0.0372900491885596,-0.03132204264164492,-0.03023378955511756,-0.045013628508815524,0.17221826596288725,0.1625126170963022,0.16671109695684094,0.16112072996965557,0.1365643678209431,0.30543659063691586,0.14828549100470167,0.12774084481078365,0.1633709135676645,0.1484886280025375,1.0,0.1518826222213353,-0.05374623751412677
Feature 23,0.21883767697288073,-0.004007922901892174,-0.0356166608414493,-0.003740673373207418,0.0219885426417644,-0.06116498457135893,-0.03689736725227145,-0.03724562062388167,-0.026584605755754272,-0.022254913157489585,-0.024605282301793405,0.179923128468273,0.16840753842651246,0.1765625205764188,0.16843886243728368,0.1501679670162414,0.10073043518126444,0.17659566313688663,0.15544084948144182,0.14981940491239937,0.13937391946305192,0.1518826222213353,1.0,-0.0493974011049376
Label,-0.1509625619311761,-0.033747148591190025,0.02878406145778444,-0.02180014168838553,0.011773506592938479,0.3231974452991759,0.26366598126168184,0.2360096023547061,0.21084920508499785,0.20104893211713615,0.1855363657152216,-0.014865617713340419,-0.00910186891036022,-0.010353509509717494,-0.007334273747984832,-0.0032918951427296636,-0.0015700971219023703,-0.07283964546384845,-0.06183543603669019,-0.055372487354506096,-0.057543641833245486,-0.05374623751412677,-0.0493974011049376,1.0
